gender,race/ethnicity,parental level of education,lunch,test preparation course,math score,reading score,writing score
Female,Group B,Bachelor's Degree,Standard,None,95,82,84
Male,Group E,Associate's Degree,Standard,Completed,71,83,89
Male,Group C,High School,Free/Reduced,None,67,92,62
Female,Group A,Master's Degree,Standard,Completed,71,60,98
Male,Group A,Master's Degree,Standard,None,92,71,67
Male,Group E,Some College,Standard,None,61,97,83
Female,Group A,Some College,Standard,Completed,83,75,69
Male,Group B,Bachelor's Degree,Standard,None,95,85,71
Female,Group D,Master's Degree,Standard,None,64,83,60
Female,Group E,Master's Degree,Standard,Completed,93,69,94
Female,Group B,Bachelor's Degree,Free/Reduced,Completed,78,78,73
Female,Group C,Some College,Standard,None,70,64,90
Male,Group D,Bachelor's Degree,Standard,None,94,95,97
Female,Group A,Bachelor's Degree,Free/Reduced,Completed,89,67,86
Female,Group A,Bachelor's Degree,Standard,None,68,86,65
Female,Group B,Bachelor's Degree,Free/Reduced,Completed,99,89,84
Male,Group E,High School,Standard,Completed,91,86,62
Female,Group B,Bachelor's Degree,Free/Reduced,None,92,91,98
Female,Group C,Bachelor's Degree,Standard,Completed,70,85,94
Female,Group E,Master's Degree,Standard,None,76,76,74
Male,Group B,Some College,Free/Reduced,None,89,77,67
Female,Group B,High School,Standard,Completed,84,77,72
Male,Group A,Master's Degree,Free/Reduced,None,69,97,61
Female,Group E,Bachelor's Degree,Standard,Completed,62,94,88
Male,Group A,High School,Free/Reduced,None,65,80,96
Female,Group D,Bachelor's Degree,Free/Reduced,None,97,96,100
Male,Group A,Some College,Free/Reduced,Completed,91,87,85
Female,Group C,Some College,Standard,None,95,88,76
Female,Group C,Associate's Degree,Free/Reduced,None,61,82,86
Female,Group C,Associate's Degree,Standard,None,87,69,90
Male,Group A,Bachelor's Degree,Standard,None,80,89,63
Female,Group B,Some College,Free/Reduced,None,98,98,91
Female,Group E,Master's Degree,Free/Reduced,Completed,60,99,65
Male,Group C,Associate's Degree,Free/Reduced,Completed,84,72,73
Female,Group C,High School,Standard,None,93,82,100
Female,Group C,Some College,Free/Reduced,None,63,93,67
Male,Group B,Bachelor's Degree,Standard,Completed,85,74,64
Male,Group B,High School,Free/Reduced,None,88,86,76
Female,Group B,Bachelor's Degree,Standard,Completed,67,98,67
Female,Group C,High School,Standard,None,90,79,69
Female,Group E,Some College,Free/Reduced,None,91,82,96
Male,Group C,High School,Standard,None,70,86,83
Female,Group A,Bachelor's Degree,Standard,None,93,63,61
Male,Group E,Bachelor's Degree,Standard,None,89,83,70
Male,Group E,High School,Free/Reduced,None,78,71,67
Male,Group C,Some College,Free/Reduced,None,89,66,91
Female,Group A,Associate's Degree,Standard,Completed,71,91,84
Female,Group B,High School,Free/Reduced,Completed,84,63,94
Male,Group A,Master's Degree,Free/Reduced,Completed,81,77,79
Male,Group B,Bachelor's Degree,Free/Reduced,None,97,100,80
Female,Group E,Bachelor's Degree,Free/Reduced,None,73,60,99
Female,Group A,Some College,Free/Reduced,None,83,63,82
Male,Group A,Bachelor's Degree,Free/Reduced,Completed,83,100,75
Male,Group D,Some College,Free/Reduced,None,71,88,93
Female,Group E,Associate's Degree,Standard,None,84,90,88
Male,Group B,Associate's Degree,Standard,Completed,74,65,69
Male,Group B,Master's Degree,Free/Reduced,Completed,80,69,92
Male,Group C,Associate's Degree,Free/Reduced,Completed,85,99,60
Male,Group B,Bachelor's Degree,Free/Reduced,None,90,99,87
Female,Group A,Associate's Degree,Free/Reduced,Completed,76,83,83
Male,Group C,Some College,Standard,None,97,60,99
Male,Group B,Bachelor's Degree,Standard,None,66,93,96
Female,Group E,Bachelor's Degree,Free/Reduced,None,97,73,62
Male,Group D,Bachelor's Degree,Free/Reduced,Completed,87,80,78
Male,Group A,Associate's Degree,Standard,None,75,94,85
Male,Group D,Some College,Free/Reduced,Completed,99,87,73
Male,Group E,Bachelor's Degree,Standard,Completed,66,86,82
Male,Group E,Master's Degree,Standard,None,69,100,87
Male,Group D,Associate's Degree,Standard,None,69,69,60
Female,Group E,Associate's Degree,Free/Reduced,None,72,81,63
Female,Group A,Bachelor's Degree,Standard,Completed,85,74,66
Female,Group E,Some College,Free/Reduced,Completed,67,68,86
Male,Group A,Some College,Standard,None,77,61,64
Male,Group C,Master's Degree,Free/Reduced,None,76,79,74
Male,Group D,Master's Degree,Free/Reduced,Completed,91,83,86
Female,Group B,Bachelor's Degree,Standard,Completed,83,72,74
Female,Group C,Bachelor's Degree,Standard,Completed,98,61,62
Male,Group C,High School,Free/Reduced,None,75,100,60
Female,Group B,Master's Degree,Free/Reduced,None,65,60,81
Male,Group C,High School,Free/Reduced,None,78,63,73
Female,Group D,Master's Degree,Free/Reduced,None,99,87,80
Female,Group C,Master's Degree,Free/Reduced,Completed,81,88,76
Female,Group D,High School,Standard,Completed,78,67,70
Female,Group E,High School,Free/Reduced,None,90,80,86
Female,Group A,Some College,Free/Reduced,None,68,62,90
Male,Group D,Some College,Standard,Completed,72,93,60
Female,Group D,Bachelor's Degree,Standard,Completed,94,70,77
Male,Group B,Some College,Standard,Completed,91,87,88
Male,Group D,Bachelor's Degree,Free/Reduced,Completed,81,89,82
Female,Group B,Associate's Degree,Free/Reduced,Completed,80,86,71
Male,Group E,High School,Free/Reduced,Completed,60,67,94
Male,Group C,Associate's Degree,Free/Reduced,Completed,87,94,73
Male,Group E,High School,Free/Reduced,Completed,93,66,95
Female,Group D,Master's Degree,Free/Reduced,None,97,99,73
Male,Group D,Bachelor's Degree,Free/Reduced,None,94,77,98
Male,Group B,Master's Degree,Free/Reduced,None,66,83,74
Female,Group B,Associate's Degree,Standard,Completed,67,84,68
Female,Group D,Bachelor's Degree,Standard,None,68,91,82
Female,Group A,Some College,Free/Reduced,Completed,73,60,70
Female,Group B,Associate's Degree,Standard,None,69,61,80
Female,Group E,High School,Free/Reduced,Completed,67,86,68
Male,Group D,Associate's Degree,Free/Reduced,None,67,97,85
Female,Group A,Bachelor's Degree,Free/Reduced,None,79,86,100
Female,Group A,High School,Free/Reduced,Completed,67,90,86
Male,Group E,Master's Degree,Free/Reduced,Completed,87,60,74
Male,Group E,Master's Degree,Standard,None,92,62,95
Male,Group B,Bachelor's Degree,Free/Reduced,None,64,89,84
Female,Group D,Some College,Free/Reduced,Completed,63,72,93
Female,Group B,Bachelor's Degree,Free/Reduced,None,74,63,94
Female,Group D,Some College,Standard,None,64,78,77
Male,Group E,Bachelor's Degree,Standard,None,99,96,93
Female,Group D,Associate's Degree,Free/Reduced,None,86,63,100
Male,Group C,Some College,Standard,Completed,77,67,71
Male,Group C,Bachelor's Degree,Free/Reduced,Completed,60,87,73
Male,Group C,Master's Degree,Standard,Completed,74,72,73
Female,Group D,High School,Free/Reduced,None,90,78,77
Male,Group C,High School,Free/Reduced,None,62,61,76
Female,Group E,Associate's Degree,Free/Reduced,None,71,100,97
Male,Group C,High School,Free/Reduced,None,91,93,86
Female,Group B,High School,Standard,None,71,86,60
Female,Group A,Associate's Degree,Standard,Completed,83,100,99
Male,Group E,Some College,Free/Reduced,Completed,78,91,72
Male,Group C,Master's Degree,Standard,None,74,67,60
Male,Group B,Bachelor's Degree,Standard,Completed,98,72,72
Male,Group B,Some College,Standard,Completed,70,81,93
Female,Group B,Bachelor's Degree,Standard,None,61,78,98
Male,Group C,Some College,Standard,None,77,76,61
Female,Group D,Bachelor's Degree,Standard,Completed,95,83,86
Female,Group A,Some College,Free/Reduced,Completed,67,77,83
Female,Group E,Master's Degree,Standard,None,87,66,95
Male,Group A,High School,Free/Reduced,Completed,82,82,70
Male,Group D,Some College,Standard,None,67,94,95
Female,Group D,Associate's Degree,Free/Reduced,None,70,82,69
Female,Group D,Associate's Degree,Standard,Completed,96,88,82
Male,Group A,Master's Degree,Standard,None,85,90,69
Male,Group A,High School,Standard,None,71,68,95
Male,Group D,High School,Free/Reduced,Completed,87,88,95
Male,Group E,Associate's Degree,Standard,None,65,64,85
Male,Group E,Bachelor's Degree,Standard,None,68,91,85
Male,Group A,Master's Degree,Standard,Completed,81,80,77
Male,Group B,High School,Standard,None,74,94,80
Male,Group A,Master's Degree,Free/Reduced,None,65,79,63
Male,Group B,Associate's Degree,Free/Reduced,Completed,77,91,89
Female,Group B,Master's Degree,Free/Reduced,None,88,93,99
Male,Group B,Some College,Free/Reduced,None,71,98,61
Female,Group D,High School,Standard,Completed,75,69,73
Female,Group C,Some College,Free/Reduced,Completed,80,94,76
Male,Group B,Bachelor's Degree,Standard,Completed,91,95,93
Female,Group E,Some College,Free/Reduced,Completed,82,75,82
Male,Group E,Master's Degree,Free/Reduced,None,97,65,95
Female,Group B,Associate's Degree,Free/Reduced,Completed,60,90,69
Female,Group D,Bachelor's Degree,Free/Reduced,None,65,65,93
Male,Group B,Associate's Degree,Standard,Completed,71,81,90
Female,Group C,High School,Free/Reduced,None,84,85,100
Female,Group D,Associate's Degree,Standard,None,94,77,99
Female,Group B,Some College,Standard,Completed,60,73,63
Female,Group D,Master's Degree,Standard,None,79,66,85
Male,Group A,Master's Degree,Standard,Completed,65,94,77
Male,Group C,Master's Degree,Free/Reduced,None,66,95,94
Female,Group B,High School,Standard,None,60,73,77
Female,Group E,Bachelor's Degree,Standard,None,81,66,67
Male,Group C,Some College,Standard,None,88,82,62
Female,Group E,High School,Free/Reduced,None,87,75,93
Female,Group A,Master's Degree,Free/Reduced,None,92,94,97
Female,Group E,High School,Free/Reduced,None,63,86,80
Female,Group A,Master's Degree,Standard,None,89,72,98
Female,Group B,High School,Standard,None,66,87,90
Female,Group A,High School,Free/Reduced,Completed,62,69,61
Male,Group D,Master's Degree,Standard,None,69,72,85
Male,Group C,High School,Standard,None,65,79,66
Female,Group D,High School,Standard,None,63,92,86
Female,Group E,High School,Standard,None,80,85,73
Female,Group C,Associate's Degree,Free/Reduced,None,94,61,75
Female,Group B,Some College,Standard,Completed,69,69,63
Male,Group B,Bachelor's Degree,Standard,Completed,89,94,77
Female,Group A,Master's Degree,Standard,None,90,99,68
Female,Group A,Bachelor's Degree,Free/Reduced,None,100,70,68
Male,Group C,Associate's Degree,Free/Reduced,Completed,71,84,76
Male,Group B,Associate's Degree,Standard,Completed,79,98,89
Male,Group B,Associate's Degree,Free/Reduced,Completed,92,94,89
Female,Group B,Associate's Degree,Standard,None,65,68,82
Female,Group C,Bachelor's Degree,Free/Reduced,None,92,89,65
Female,Group B,Some College,Standard,Completed,83,71,64
Female,Group B,Some College,Standard,Completed,76,62,61
Male,Group B,Master's Degree,Free/Reduced,Completed,97,84,87
Male,Group C,Associate's Degree,Standard,Completed,71,71,76
Female,Group E,Bachelor's Degree,Standard,None,94,79,63
Female,Group C,Some College,Standard,None,61,64,78
Male,Group E,Associate's Degree,Standard,None,95,72,88
Female,Group E,High School,Free/Reduced,Completed,71,95,80
Female,Group A,Some College,Standard,None,76,69,79
Male,Group D,High School,Free/Reduced,None,77,87,76
Female,Group A,Bachelor's Degree,Free/Reduced,None,72,82,78
Female,Group E,Some College,Free/Reduced,Completed,78,84,90
Male,Group C,Bachelor's Degree,Standard,Completed,65,93,96
Female,Group B,Some College,Free/Reduced,Completed,98,70,87
Female,Group E,Associate's Degree,Standard,Completed,61,79,83
Female,Group D,High School,Free/Reduced,None,90,94,92
Male,Group B,High School,Free/Reduced,Completed,63,67,82
Male,Group C,Some College,Free/Reduced,Completed,85,84,62
Female,Group D,Associate's Degree,Free/Reduced,Completed,98,74,81
Female,Group B,Some College,Free/Reduced,Completed,69,98,86
Male,Group D,Some College,Free/Reduced,None,85,88,94
Male,Group E,Some College,Standard,None,90,79,67
Female,Group E,Some College,Free/Reduced,Completed,90,89,72
Male,Group B,Master's Degree,Standard,Completed,81,95,73
Male,Group C,Some College,Standard,None,95,82,73
Male,Group C,High School,Free/Reduced,None,82,93,83
Female,Group E,Some College,Standard,None,90,89,63
Female,Group C,High School,Free/Reduced,Completed,69,77,62
Male,Group E,Some College,Free/Reduced,Completed,73,82,70
Female,Group B,Some College,Standard,Completed,91,99,92
Female,Group A,High School,Free/Reduced,None,66,69,61
Female,Group D,High School,Free/Reduced,None,87,65,97
Male,Group A,Master's Degree,Standard,None,82,98,61
Male,Group B,High School,Standard,Completed,70,96,64
Male,Group B,High School,Standard,Completed,90,69,100
Male,Group A,Some College,Free/Reduced,Completed,100,85,80
Female,Group D,High School,Standard,Completed,65,84,77
Female,Group D,Some College,Free/Reduced,Completed,66,87,68
Male,Group B,Bachelor's Degree,Free/Reduced,None,86,65,85
Male,Group E,Bachelor's Degree,Standard,None,97,60,83
Female,Group A,Associate's Degree,Free/Reduced,Completed,99,79,99
Male,Group C,Master's Degree,Standard,None,61,93,72
Male,Group C,Associate's Degree,Free/Reduced,Completed,61,80,63
Male,Group E,Some College,Standard,Completed,100,70,84
Male,Group A,Master's Degree,Free/Reduced,Completed,64,100,66
Male,Group C,Some College,Free/Reduced,Completed,75,77,80
Male,Group C,High School,Free/Reduced,None,77,91,87
Male,Group D,Some College,Standard,None,73,77,72
Male,Group E,Some College,Standard,Completed,92,76,78
Male,Group D,Associate's Degree,Free/Reduced,None,72,89,78
Male,Group A,Some College,Standard,Completed,79,67,86
Female,Group C,Bachelor's Degree,Free/Reduced,None,63,81,67
Female,Group E,Associate's Degree,Free/Reduced,None,68,64,93
Female,Group B,Associate's Degree,Free/Reduced,Completed,98,86,65
Female,Group A,Associate's Degree,Standard,None,61,85,65
Female,Group D,Bachelor's Degree,Free/Reduced,Completed,97,60,61
Male,Group B,Master's Degree,Standard,Completed,63,77,92
Female,Group B,Associate's Degree,Free/Reduced,None,70,73,74
Female,Group C,Associate's Degree,Standard,Completed,63,79,94
Female,Group C,Master's Degree,Standard,None,100,96,100
Female,Group C,Bachelor's Degree,Free/Reduced,None,62,90,64
Male,Group B,High School,Standard,Completed,66,75,77
Female,Group D,High School,Free/Reduced,Completed,96,62,72
Male,Group C,Master's Degree,Free/Reduced,None,75,76,88
Female,Group C,Some College,Standard,None,60,100,60
Female,Group A,Bachelor's Degree,Standard,Completed,80,94,96
Male,Group B,Bachelor's Degree,Standard,Completed,78,61,67
Female,Group C,Master's Degree,Standard,None,80,90,85
Male,Group E,Master's Degree,Free/Reduced,None,76,74,88
Female,Group C,Some College,Free/Reduced,None,73,63,75
Female,Group C,Associate's Degree,Standard,None,64,70,76
Female,Group D,Associate's Degree,Standard,None,95,79,100
Male,Group B,Bachelor's Degree,Free/Reduced,Completed,68,79,90
Male,Group B,Bachelor's Degree,Free/Reduced,Completed,83,90,70
Female,Group B,High School,Standard,Completed,74,90,61
Male,Group A,Bachelor's Degree,Standard,None,68,91,63
Male,Group C,Associate's Degree,Free/Reduced,None,93,62,81
Female,Group B,Some College,Free/Reduced,None,98,84,97
Male,Group C,High School,Standard,Completed,77,94,71
Male,Group D,Associate's Degree,Standard,Completed,90,77,72
Female,Group D,Bachelor's Degree,Free/Reduced,Completed,90,80,84
Male,Group A,High School,Standard,Completed,80,80,92
Female,Group C,Associate's Degree,Free/Reduced,None,67,82,83
Male,Group C,Master's Degree,Standard,Completed,80,86,66
Female,Group E,Associate's Degree,Standard,None,67,62,65
Male,Group A,High School,Free/Reduced,Completed,83,97,96
Male,Group D,High School,Free/Reduced,None,83,62,82
Male,Group B,Some College,Standard,Completed,87,88,62
Female,Group A,Master's Degree,Free/Reduced,None,74,86,84
Male,Group B,Some College,Standard,Completed,78,99,61
Female,Group E,Some College,Free/Reduced,None,88,65,65
Female,Group E,Master's Degree,Free/Reduced,Completed,90,98,64
Male,Group D,Bachelor's Degree,Free/Reduced,Completed,74,79,67
Male,Group D,Associate's Degree,Standard,Completed,77,65,79
Male,Group B,Master's Degree,Free/Reduced,None,68,76,65
Female,Group C,High School,Standard,Completed,65,72,60
Female,Group A,Some College,Free/Reduced,Completed,88,71,78
Female,Group B,Some College,Standard,Completed,76,76,88
Male,Group B,High School,Free/Reduced,Completed,99,71,67
Female,Group C,Bachelor's Degree,Free/Reduced,None,84,80,65
Male,Group C,Some College,Standard,None,93,62,79
Male,Group A,Master's Degree,Free/Reduced,Completed,63,60,76
Male,Group B,Some College,Free/Reduced,None,68,74,92
Female,Group A,Associate's Degree,Standard,None,96,88,68
Female,Group C,Master's Degree,Standard,None,72,74,62
Female,Group A,Bachelor's Degree,Free/Reduced,None,60,79,72
Male,Group C,Master's Degree,Free/Reduced,None,77,63,71
Male,Group E,Associate's Degree,Standard,None,77,99,73
Male,Group D,Some College,Free/Reduced,Completed,74,66,82
Male,Group E,Some College,Standard,Completed,96,79,88
Male,Group C,Bachelor's Degree,Standard,None,71,91,76
Female,Group A,High School,Standard,None,82,76,100
Male,Group E,Some College,Standard,Completed,67,70,67
Female,Group B,Bachelor's Degree,Standard,None,73,88,94
Male,Group E,High School,Free/Reduced,Completed,100,73,92
Female,Group D,Associate's Degree,Free/Reduced,Completed,78,61,65
Male,Group A,Some College,Standard,None,88,96,66
Female,Group A,Bachelor's Degree,Standard,Completed,61,87,99
Female,Group C,Associate's Degree,Standard,Completed,79,90,92
Male,Group C,Some College,Standard,None,88,64,85
Female,Group A,Some College,Standard,None,99,83,98
Female,Group B,Master's Degree,Standard,Completed,60,82,83
Male,Group C,Bachelor's Degree,Free/Reduced,Completed,68,60,81
Male,Group E,High School,Standard,None,86,92,88
Male,Group D,High School,Free/Reduced,None,63,94,71
Male,Group D,Bachelor's Degree,Free/Reduced,None,88,66,67
Female,Group A,High School,Standard,Completed,100,66,94
Female,Group D,Associate's Degree,Standard,None,61,99,83
Female,Group E,High School,Free/Reduced,None,77,98,92
Male,Group A,Associate's Degree,Standard,None,81,87,92
Male,Group B,Associate's Degree,Free/Reduced,None,77,99,73
Male,Group C,High School,Free/Reduced,None,99,60,77
Female,Group E,Associate's Degree,Free/Reduced,Completed,91,65,86
Female,Group C,Bachelor's Degree,Standard,None,73,76,81
Female,Group B,Some College,Free/Reduced,Completed,86,80,65
Male,Group B,Some College,Free/Reduced,Completed,96,78,77
Female,Group C,Associate's Degree,Standard,None,60,72,70
Male,Group D,Associate's Degree,Standard,None,62,82,95
Female,Group B,High School,Standard,Completed,93,100,73
Female,Group B,High School,Standard,None,65,96,80
Female,Group D,Some College,Standard,Completed,65,100,81
Male,Group E,Some College,Free/Reduced,Completed,83,72,98
Male,Group A,High School,Free/Reduced,Completed,87,87,60
Female,Group C,Bachelor's Degree,Standard,None,71,84,97
Male,Group D,Associate's Degree,Free/Reduced,Completed,65,82,60
Male,Group C,Associate's Degree,Standard,None,76,93,95
Female,Group A,Bachelor's Degree,Standard,None,65,69,79
Male,Group A,Bachelor's Degree,Standard,None,90,64,80
Female,Group B,Bachelor's Degree,Free/Reduced,Completed,60,64,93
Male,Group C,High School,Free/Reduced,Completed,79,62,63
Male,Group E,Associate's Degree,Free/Reduced,Completed,68,86,79
Male,Group E,Associate's Degree,Free/Reduced,None,92,88,81
Male,Group B,Bachelor's Degree,Free/Reduced,Completed,90,98,80
Male,Group B,Bachelor's Degree,Free/Reduced,Completed,77,95,66
Female,Group D,Master's Degree,Free/Reduced,None,99,63,60
Male,Group B,Associate's Degree,Standard,None,65,91,66
Female,Group D,Associate's Degree,Standard,None,61,67,87
Male,Group C,Some College,Standard,None,91,61,65
Female,Group D,Bachelor's Degree,Free/Reduced,None,93,76,67
Female,Group E,Master's Degree,Standard,None,83,60,90
Male,Group A,Bachelor's Degree,Free/Reduced,None,67,83,98
Male,Group E,High School,Free/Reduced,None,63,96,63
Male,Group E,Master's Degree,Standard,None,86,68,88
Female,Group B,Associate's Degree,Standard,Completed,66,88,75
Male,Group C,Master's Degree,Standard,Completed,65,99,72
Female,Group B,Bachelor's Degree,Standard,Completed,94,87,67
Female,Group A,Associate's Degree,Free/Reduced,Completed,81,78,77
Male,Group C,High School,Standard,Completed,62,73,95
Female,Group A,Bachelor's Degree,Free/Reduced,Completed,93,70,65
Female,Group A,Some College,Free/Reduced,Completed,68,98,86
Female,Group B,Bachelor's Degree,Standard,Completed,80,69,71
Male,Group A,Associate's Degree,Free/Reduced,Completed,84,78,94
Female,Group B,High School,Standard,Completed,74,82,90
Male,Group B,Master's Degree,Free/Reduced,None,82,83,89
Male,Group D,Associate's Degree,Standard,None,61,94,88
Male,Group B,Master's Degree,Standard,None,86,62,78
Female,Group B,Some College,Standard,Completed,77,96,91
Male,Group E,Associate's Degree,Free/Reduced,Completed,68,99,78
Female,Group D,Some College,Standard,Completed,93,90,76
Female,Group D,Associate's Degree,Free/Reduced,Completed,66,94,95
Female,Group D,High School,Free/Reduced,None,60,98,78
Male,Group B,Associate's Degree,Free/Reduced,Completed,73,74,98
Male,Group C,Some College,Free/Reduced,Completed,73,63,65
Female,Group C,Some College,Free/Reduced,Completed,100,90,73
Male,Group C,Associate's Degree,Standard,Completed,63,64,60
Female,Group E,Bachelor's Degree,Standard,None,97,65,62
Male,Group C,Bachelor's Degree,Free/Reduced,Completed,73,61,81
Male,Group C,High School,Free/Reduced,Completed,75,78,92
Male,Group A,Master's Degree,Standard,None,65,74,97
Male,Group C,Master's Degree,Free/Reduced,None,88,86,82
Male,Group B,Bachelor's Degree,Free/Reduced,None,89,78,82
Male,Group D,Bachelor's Degree,Free/Reduced,Completed,76,63,63
Female,Group B,Master's Degree,Free/Reduced,Completed,87,71,92
Male,Group B,Associate's Degree,Free/Reduced,Completed,96,98,83
Male,Group B,High School,Free/Reduced,Completed,63,64,63
Male,Group A,Some College,Free/Reduced,None,99,97,71
Male,Group C,High School,Free/Reduced,None,60,78,72
Male,Group C,Associate's Degree,Standard,Completed,99,66,60
Female,Group D,High School,Standard,Completed,70,88,65
Female,Group E,Master's Degree,Standard,None,97,82,92
Female,Group D,High School,Standard,None,60,73,88
Female,Group B,Some College,Free/Reduced,None,97,66,80
Male,Group A,Some College,Standard,None,81,67,70
Male,Group C,High School,Standard,Completed,89,91,93
Male,Group C,Bachelor's Degree,Standard,None,75,63,100
Male,Group E,Some College,Standard,Completed,95,62,81
Male,Group A,Bachelor's Degree,Free/Reduced,None,91,83,93
Female,Group A,Associate's Degree,Standard,Completed,100,86,73
Female,Group A,Some College,Standard,None,92,90,61
Male,Group C,Some College,Free/Reduced,None,64,75,60
Male,Group D,Master's Degree,Free/Reduced,Completed,85,94,79
Female,Group D,High School,Free/Reduced,Completed,91,77,88
Female,Group E,Master's Degree,Free/Reduced,Completed,90,73,97
Male,Group A,Bachelor's Degree,Standard,None,76,69,86
Female,Group A,Master's Degree,Standard,Completed,74,62,91
Female,Group C,Master's Degree,Free/Reduced,Completed,83,71,93
Female,Group D,High School,Free/Reduced,Completed,98,97,66
Male,Group A,Master's Degree,Free/Reduced,Completed,78,75,91
Female,Group A,Associate's Degree,Standard,None,91,90,74
Male,Group C,Associate's Degree,Free/Reduced,None,71,90,73
Male,Group C,High School,Free/Reduced,Completed,75,78,69
Female,Group C,Associate's Degree,Free/Reduced,None,76,77,79
Male,Group E,Associate's Degree,Standard,Completed,86,78,81
Female,Group C,Associate's Degree,Standard,Completed,70,63,62
Female,Group D,Some College,Free/Reduced,Completed,100,60,63
Male,Group A,Some College,Standard,None,91,69,78
Male,Group A,Bachelor's Degree,Free/Reduced,None,82,98,78
Male,Group A,Master's Degree,Free/Reduced,Completed,60,100,91
Male,Group C,Bachelor's Degree,Standard,Completed,88,82,76
Male,Group C,Master's Degree,Free/Reduced,None,62,68,85
Male,Group D,Master's Degree,Standard,Completed,74,86,86
Male,Group B,High School,Free/Reduced,Completed,75,72,80
Female,Group C,Some College,Standard,Completed,93,97,61
Female,Group E,Master's Degree,Standard,Completed,64,79,64
Male,Group A,High School,Free/Reduced,None,96,81,94
Female,Group A,High School,Free/Reduced,Completed,67,88,94
Female,Group D,Some College,Standard,None,79,76,97
Female,Group B,Some College,Free/Reduced,Completed,66,68,94
Male,Group A,Master's Degree,Free/Reduced,None,94,65,81
Female,Group A,Master's Degree,Standard,None,100,83,65
Female,Group B,High School,Free/Reduced,None,66,72,83
Male,Group B,Bachelor's Degree,Free/Reduced,None,62,90,60
Female,Group E,Some College,Standard,None,68,76,62
Female,Group A,Bachelor's Degree,Standard,Completed,98,71,79
Male,Group D,Associate's Degree,Free/Reduced,Completed,87,94,66
Female,Group C,Some College,Standard,None,73,82,86
Male,Group A,Some College,Free/Reduced,None,66,89,75
Male,Group C,Bachelor's Degree,Free/Reduced,Completed,60,81,66
Male,Group A,High School,Standard,Completed,89,61,77
Female,Group D,High School,Standard,Completed,61,69,77
Male,Group B,Associate's Degree,Standard,None,78,82,99
Male,Group B,Some College,Standard,Completed,78,80,95
Male,Group B,Associate's Degree,Free/Reduced,Completed,91,91,82
Female,Group B,High School,Standard,None,81,90,65
Female,Group A,Master's Degree,Standard,Completed,63,80,66
Male,Group E,Bachelor's Degree,Standard,Completed,87,70,93
Male,Group B,Associate's Degree,Standard,Completed,89,97,60
Male,Group D,Some College,Free/Reduced,None,76,72,99
Male,Group C,Bachelor's Degree,Standard,None,92,98,64
Male,Group C,Bachelor's Degree,Free/Reduced,Completed,67,67,79
Female,Group D,Some College,Free/Reduced,None,100,98,85
Male,Group A,Associate's Degree,Free/Reduced,None,93,87,97
Male,Group D,Bachelor's Degree,Standard,None,61,85,92
Female,Group D,High School,Standard,Completed,84,73,70
Female,Group E,Master's Degree,Free/Reduced,Completed,61,73,73
Female,Group A,Master's Degree,Standard,None,89,61,76
Female,Group C,Some College,Free/Reduced,Completed,96,81,92
Female,Group B,Master's Degree,Free/Reduced,None,80,92,90
Male,Group B,Master's Degree,Free/Reduced,Completed,97,84,81
Male,Group C,Some College,Standard,Completed,83,79,87
Female,Group A,High School,Free/Reduced,Completed,63,73,88
Female,Group D,Master's Degree,Standard,None,85,65,100
Female,Group E,Some College,Free/Reduced,Completed,62,89,62
Female,Group E,Some College,Standard,None,98,69,74
Male,Group C,Associate's Degree,Free/Reduced,Completed,90,80,77
Male,Group E,Bachelor's Degree,Standard,None,81,93,64
Male,Group E,Bachelor's Degree,Free/Reduced,None,60,88,82
Male,Group C,High School,Free/Reduced,Completed,69,92,93
Female,Group C,Bachelor's Degree,Standard,None,87,75,70
Female,Group A,Some College,Standard,Completed,96,72,79
Female,Group C,Some College,Free/Reduced,Completed,100,79,74
Male,Group E,Master's Degree,Standard,None,87,76,70
Female,Group D,Master's Degree,Free/Reduced,Completed,66,69,76
Male,Group A,Some College,Standard,Completed,92,70,63
Male,Group A,High School,Free/Reduced,None,64,60,87
Female,Group C,Master's Degree,Standard,None,64,88,99
Female,Group C,High School,Free/Reduced,None,82,79,72
Male,Group D,High School,Free/Reduced,None,100,90,70
Female,Group C,Bachelor's Degree,Free/Reduced,None,84,71,75
Male,Group C,Some College,Standard,None,76,93,90
Female,Group A,Associate's Degree,Free/Reduced,None,74,62,81
Male,Group E,Associate's Degree,Free/Reduced,Completed,63,95,72
Male,Group B,Master's Degree,Standard,None,65,90,83
Female,Group D,Master's Degree,Free/Reduced,Completed,73,78,86
Male,Group E,High School,Free/Reduced,Completed,96,95,96
Female,Group C,Bachelor's Degree,Free/Reduced,None,60,64,84
Male,Group D,High School,Standard,None,87,80,62
Male,Group A,High School,Free/Reduced,Completed,83,64,97
Female,Group D,Some College,Standard,None,86,86,64
Female,Group B,High School,Standard,None,99,61,95
Female,Group D,Bachelor's Degree,Free/Reduced,None,61,71,71
Male,Group B,Master's Degree,Standard,Completed,78,73,88
Female,Group B,Bachelor's Degree,Standard,Completed,60,94,71
Female,Group C,Bachelor's Degree,Free/Reduced,None,75,72,90
Male,Group D,Some College,Free/Reduced,None,93,72,93
Female,Group B,Master's Degree,Free/Reduced,Completed,78,65,84
Male,Group E,Associate's Degree,Free/Reduced,Completed,97,79,68
Male,Group A,Associate's Degree,Standard,None,97,97,65
Female,Group C,Associate's Degree,Standard,None,66,92,73
Female,Group B,Master's Degree,Standard,None,89,77,99
Male,Group A,High School,Free/Reduced,None,71,94,83
Male,Group D,Some College,Standard,None,74,67,96
Male,Group C,High School,Standard,None,98,97,99
Male,Group C,Associate's Degree,Free/Reduced,None,97,60,73
Female,Group C,Bachelor's Degree,Standard,None,73,65,100
Male,Group C,Some College,Free/Reduced,Completed,65,67,85
Female,Group D,Associate's Degree,Standard,None,63,98,66
Male,Group A,High School,Standard,None,63,89,84
Male,Group A,Some College,Standard,None,100,93,64
Male,Group C,Bachelor's Degree,Standard,None,65,61,66
Female,Group B,Some College,Standard,Completed,63,77,80
Female,Group C,High School,Free/Reduced,Completed,78,79,77
Male,Group C,Some College,Free/Reduced,Completed,91,89,78
Male,Group E,High School,Free/Reduced,Completed,84,87,80
Female,Group A,High School,Free/Reduced,None,88,83,74
Female,Group C,High School,Free/Reduced,None,68,67,95
Female,Group B,High School,Free/Reduced,Completed,71,90,66
Male,Group A,Bachelor's Degree,Free/Reduced,Completed,73,93,96
Male,Group D,Some College,Standard,Completed,72,79,69
Male,Group E,Master's Degree,Standard,None,66,96,95
Female,Group B,Bachelor's Degree,Standard,None,88,99,68
Male,Group D,Bachelor's Degree,Free/Reduced,None,82,95,100
Female,Group E,High School,Free/Reduced,None,82,91,70
Female,Group B,Associate's Degree,Standard,None,71,93,93
Female,Group A,Master's Degree,Free/Reduced,None,82,87,94
Female,Group C,Some College,Free/Reduced,Completed,95,61,82
Female,Group E,Associate's Degree,Standard,Completed,68,63,72
Male,Group E,Master's Degree,Free/Reduced,Completed,82,68,62
Male,Group C,Some College,Standard,Completed,79,97,79
Female,Group B,Bachelor's Degree,Standard,Completed,73,91,93
Male,Group E,Bachelor's Degree,Free/Reduced,None,71,64,98
Female,Group C,Bachelor's Degree,Standard,Completed,92,96,83
Male,Group A,High School,Free/Reduced,None,71,78,89
Male,Group B,Master's Degree,Standard,Completed,96,61,74
Male,Group A,Bachelor's Degree,Standard,None,95,76,98
Female,Group B,Master's Degree,Free/Reduced,None,75,77,93
Female,Group A,High School,Standard,None,99,69,63
Female,Group A,Associate's Degree,Free/Reduced,None,94,63,95
Female,Group B,High School,Standard,Completed,82,89,67
Female,Group A,Bachelor's Degree,Free/Reduced,Completed,62,93,89
Male,Group D,Associate's Degree,Free/Reduced,None,78,80,65
Male,Group C,High School,Free/Reduced,None,74,81,66
Female,Group A,Master's Degree,Free/Reduced,Completed,60,62,97
Female,Group B,Master's Degree,Standard,Completed,84,84,74
Female,Group E,Some College,Standard,Completed,89,74,93
Male,Group B,Some College,Standard,Completed,84,86,64
Male,Group E,Bachelor's Degree,Standard,Completed,75,86,94
Male,Group A,Master's Degree,Free/Reduced,Completed,95,91,82
Male,Group D,Associate's Degree,Standard,None,73,83,85
Male,Group C,Some College,Free/Reduced,None,92,60,90
Female,Group D,Some College,Standard,Completed,78,93,99
Female,Group A,Bachelor's Degree,Free/Reduced,None,84,68,63
Male,Group B,High School,Free/Reduced,None,95,99,65
Female,Group D,Associate's Degree,Free/Reduced,None,78,72,66
Male,Group B,Bachelor's Degree,Free/Reduced,Completed,83,94,92
Male,Group B,Bachelor's Degree,Standard,None,68,66,97
Female,Group E,Some College,Standard,Completed,72,88,65
Male,Group E,Associate's Degree,Free/Reduced,None,87,83,86
Male,Group C,High School,Free/Reduced,None,62,91,98
Male,Group B,Bachelor's Degree,Standard,None,81,72,85
Female,Group C,Master's Degree,Standard,Completed,93,81,84
Female,Group E,Master's Degree,Standard,None,86,70,100
Male,Group E,High School,Standard,Completed,84,62,99
Female,Group B,Bachelor's Degree,Free/Reduced,Completed,95,100,100
Male,Group A,Associate's Degree,Standard,None,77,60,97
Male,Group C,Associate's Degree,Standard,None,64,67,96
Male,Group A,Some College,Free/Reduced,Completed,60,81,76
Female,Group A,Master's Degree,Free/Reduced,Completed,78,98,90
Male,Group D,Associate's Degree,Standard,Completed,65,79,99
Female,Group A,Master's Degree,Standard,None,71,88,67
Male,Group A,Bachelor's Degree,Free/Reduced,Completed,61,76,94
Male,Group D,Master's Degree,Free/Reduced,Completed,94,60,99
Male,Group B,Bachelor's Degree,Standard,None,64,90,66
Male,Group B,Some College,Free/Reduced,None,89,83,80
Female,Group E,Some College,Free/Reduced,Completed,99,82,73
Male,Group E,Master's Degree,Free/Reduced,None,98,91,66
Female,Group C,Some College,Free/Reduced,Completed,100,91,76
Female,Group E,High School,Standard,None,67,63,68
Male,Group C,High School,Standard,Completed,64,98,89
Male,Group C,Master's Degree,Standard,Completed,75,76,92
Male,Group C,High School,Free/Reduced,Completed,65,96,76
Female,Group D,High School,Free/Reduced,Completed,60,71,75
Female,Group C,Master's Degree,Standard,None,74,70,79
Female,Group A,High School,Standard,Completed,85,85,86
Male,Group B,High School,Standard,Completed,98,81,81
Male,Group C,Bachelor's Degree,Free/Reduced,None,97,65,90
Female,Group B,Associate's Degree,Free/Reduced,None,95,82,86
Male,Group D,Master's Degree,Standard,Completed,87,78,60
Female,Group E,Some College,Standard,None,63,60,88
Female,Group C,Bachelor's Degree,Free/Reduced,Completed,65,77,69
Female,Group E,High School,Free/Reduced,Completed,67,75,87
Female,Group A,Associate's Degree,Standard,None,97,74,69
Male,Group B,Associate's Degree,Free/Reduced,Completed,96,78,81
Female,Group A,Bachelor's Degree,Free/Reduced,Completed,67,64,69
Female,Group E,High School,Free/Reduced,None,80,72,60
Female,Group E,Bachelor's Degree,Free/Reduced,Completed,90,91,66
Male,Group B,Associate's Degree,Standard,Completed,62,71,68
Female,Group D,High School,Free/Reduced,None,72,93,69
Female,Group A,High School,Standard,Completed,82,85,98
Male,Group C,Bachelor's Degree,Free/Reduced,Completed,86,75,67
Female,Group A,Master's Degree,Standard,None,60,76,83
Female,Group A,Bachelor's Degree,Standard,Completed,96,97,63
Female,Group C,Master's Degree,Free/Reduced,None,73,71,80
Female,Group D,Some College,Standard,Completed,96,80,100
Female,Group C,Bachelor's Degree,Standard,None,68,85,86
Male,Group C,Associate's Degree,Free/Reduced,Completed,81,97,68
Male,Group B,Master's Degree,Free/Reduced,Completed,63,73,88
Female,Group C,Associate's Degree,Free/Reduced,Completed,75,100,78
Female,Group C,Associate's Degree,Free/Reduced,Completed,63,78,72
Female,Group A,Associate's Degree,Free/Reduced,Completed,93,96,93
Female,Group A,Master's Degree,Standard,None,90,70,60
Male,Group B,High School,Standard,None,70,60,93
Female,Group A,Bachelor's Degree,Free/Reduced,None,88,97,100
Male,Group D,High School,Free/Reduced,None,72,68,63
Male,Group B,High School,Standard,None,86,71,70
Female,Group D,High School,Free/Reduced,None,86,79,68
Male,Group D,High School,Standard,None,99,85,68
Female,Group A,Some College,Standard,Completed,88,86,83
Female,Group C,Associate's Degree,Standard,None,76,97,83
Female,Group C,Associate's Degree,Free/Reduced,Completed,68,75,95
Male,Group E,High School,Standard,None,99,95,98
Female,Group B,Some College,Standard,None,77,81,68
Female,Group D,High School,Standard,Completed,68,92,67
Female,Group D,Master's Degree,Standard,None,92,63,89
Female,Group C,Some College,Standard,Completed,77,63,80
Female,Group C,Bachelor's Degree,Free/Reduced,None,78,90,64
Male,Group A,Bachelor's Degree,Standard,None,88,69,87
Female,Group E,Some College,Free/Reduced,Completed,96,93,62
Female,Group D,Bachelor's Degree,Standard,Completed,86,64,97
Female,Group C,Master's Degree,Free/Reduced,Completed,64,73,62
Male,Group E,Some College,Free/Reduced,Completed,75,69,98
Female,Group C,High School,Free/Reduced,None,87,60,86
Female,Group B,High School,Free/Reduced,Completed,72,99,71
Male,Group C,High School,Standard,Completed,64,81,98
Female,Group E,Some College,Standard,None,69,63,98
Male,Group A,High School,Free/Reduced,None,60,79,73
Female,Group A,High School,Free/Reduced,None,99,89,73
Male,Group B,Master's Degree,Standard,Completed,81,63,92
Female,Group A,High School,Standard,None,82,66,75
Female,Group A,Associate's Degree,Standard,None,100,81,87
Female,Group B,Associate's Degree,Free/Reduced,None,93,93,68
Female,Group D,Some College,Free/Reduced,None,74,76,60
Male,Group D,Master's Degree,Free/Reduced,Completed,70,78,87
Female,Group E,Bachelor's Degree,Standard,Completed,90,89,90
Female,Group C,High School,Free/Reduced,None,91,66,87
Female,Group D,Master's Degree,Free/Reduced,None,72,83,88
Male,Group C,Master's Degree,Standard,Completed,99,91,89
Female,Group B,High School,Standard,None,66,64,87
Male,Group E,Some College,Standard,Completed,63,84,79
Female,Group B,Some College,Free/Reduced,None,78,84,65
Female,Group B,Some College,Standard,None,86,70,92
Female,Group A,Associate's Degree,Free/Reduced,None,92,68,73
Male,Group B,Bachelor's Degree,Free/Reduced,Completed,67,62,88
Male,Group D,Bachelor's Degree,Standard,None,95,89,71
Male,Group D,High School,Standard,None,61,61,78
Male,Group E,Bachelor's Degree,Free/Reduced,None,74,81,100
Male,Group C,Master's Degree,Standard,None,84,64,92
Female,Group C,Bachelor's Degree,Standard,None,60,80,79
Male,Group D,Master's Degree,Free/Reduced,Completed,99,79,77
Male,Group B,Bachelor's Degree,Free/Reduced,Completed,95,91,90
Male,Group B,Bachelor's Degree,Standard,None,90,68,82
Female,Group E,Master's Degree,Standard,None,80,63,89
Female,Group E,Bachelor's Degree,Free/Reduced,Completed,69,69,95
Male,Group A,Some College,Standard,None,86,83,90
Female,Group B,Master's Degree,Standard,Completed,74,98,65
Female,Group D,Master's Degree,Standard,None,95,74,66
Male,Group C,Master's Degree,Standard,Completed,99,86,100
Male,Group D,Some College,Free/Reduced,Completed,80,90,62
Female,Group A,Some College,Standard,Completed,90,96,73
Female,Group D,Some College,Standard,Completed,77,62,63
Male,Group A,Bachelor's Degree,Free/Reduced,Completed,96,69,96
Female,Group A,Bachelor's Degree,Free/Reduced,Completed,65,86,84
Female,Group D,Some College,Standard,Completed,76,67,61
Male,Group C,High School,Standard,Completed,96,77,79
Female,Group B,Bachelor's Degree,Free/Reduced,None,67,90,74
Female,Group E,High School,Free/Reduced,Completed,61,85,79
Male,Group B,Master's Degree,Standard,Completed,86,81,79
Female,Group E,Associate's Degree,Free/Reduced,Completed,99,95,90
Male,Group D,High School,Standard,Completed,87,67,76
Male,Group D,Some College,Standard,None,65,70,79
Male,Group C,Master's Degree,Free/Reduced,None,85,64,73
Female,Group E,Some College,Standard,Completed,75,79,79
Male,Group B,Bachelor's Degree,Standard,Completed,81,91,71
Female,Group A,Some College,Free/Reduced,Completed,90,87,100
Male,Group A,Associate's Degree,Standard,None,99,81,74
Male,Group C,High School,Free/Reduced,None,69,89,97
Male,Group E,Master's Degree,Free/Reduced,None,67,62,97
Female,Group C,Associate's Degree,Free/Reduced,None,68,97,66
Female,Group E,Some College,Standard,None,63,83,79
Female,Group D,Associate's Degree,Free/Reduced,Completed,72,80,97
Female,Group A,High School,Free/Reduced,None,97,100,60
Female,Group A,Some College,Standard,None,79,69,79
Female,Group A,Bachelor's Degree,Standard,None,98,60,66
Male,Group A,Bachelor's Degree,Free/Reduced,Completed,72,91,95
Male,Group B,Master's Degree,Standard,None,66,84,79
Female,Group E,Associate's Degree,Standard,Completed,60,95,64
Male,Group C,Some College,Standard,Completed,91,61,73
Male,Group A,Bachelor's Degree,Free/Reduced,None,88,97,74
Female,Group C,High School,Free/Reduced,None,90,95,93
Male,Group E,Bachelor's Degree,Standard,None,61,93,84
Male,Group A,High School,Standard,None,94,81,85
Female,Group C,Associate's Degree,Standard,Completed,99,69,95
Female,Group E,Some College,Standard,None,61,86,85
Male,Group A,High School,Standard,Completed,83,81,91
Female,Group E,Master's Degree,Free/Reduced,Completed,79,72,80
Male,Group C,Bachelor's Degree,Standard,Completed,65,75,89
Male,Group E,Some College,Free/Reduced,Completed,91,68,85
Female,Group E,Master's Degree,Free/Reduced,Completed,77,78,72
Male,Group B,Some College,Free/Reduced,None,77,98,61
Female,Group C,Bachelor's Degree,Free/Reduced,Completed,80,79,86
Male,Group A,Some College,Standard,Completed,66,82,81
Female,Group D,High School,Standard,None,91,100,100
Female,Group C,Master's Degree,Free/Reduced,None,92,79,94
Male,Group A,Bachelor's Degree,Standard,Completed,76,87,85
Female,Group E,Some College,Standard,Completed,86,63,92
Male,Group A,Master's Degree,Free/Reduced,None,64,92,86
Female,Group E,Master's Degree,Free/Reduced,Completed,97,73,86
Female,Group A,High School,Standard,None,95,63,79
Male,Group D,Associate's Degree,Standard,Completed,88,90,65
Female,Group A,High School,Standard,None,61,95,87
Male,Group A,Bachelor's Degree,Free/Reduced,None,99,70,81
Male,Group A,Associate's Degree,Standard,None,61,99,99
Female,Group A,High School,Standard,Completed,73,89,71
Female,Group A,Bachelor's Degree,Free/Reduced,Completed,68,79,92
Male,Group A,Bachelor's Degree,Standard,Completed,87,88,62
Female,Group D,Some College,Standard,Completed,89,76,68
Female,Group B,Some College,Free/Reduced,None,84,70,78
Male,Group A,Some College,Standard,Completed,89,95,72
Male,Group C,High School,Standard,None,75,83,72
Female,Group B,High School,Free/Reduced,Completed,74,75,69
Male,Group A,Bachelor's Degree,Free/Reduced,Completed,63,88,62
Male,Group A,Associate's Degree,Free/Reduced,Completed,73,96,91
Male,Group D,High School,Standard,None,92,79,63
Female,Group D,Master's Degree,Standard,None,85,78,80
Female,Group C,Associate's Degree,Free/Reduced,None,72,84,61
Male,Group C,High School,Standard,Completed,64,88,66
Female,Group C,Master's Degree,Free/Reduced,Completed,72,78,60
Male,Group D,High School,Standard,Completed,95,69,68
Male,Group E,Some College,Free/Reduced,None,67,61,61
Female,Group B,High School,Free/Reduced,Completed,77,72,71
Female,Group E,Some College,Free/Reduced,None,60,97,99
Male,Group D,Associate's Degree,Free/Reduced,None,93,100,69
Female,Group C,Associate's Degree,Free/Reduced,Completed,96,91,94
Female,Group B,Associate's Degree,Standard,Completed,66,98,80
Male,Group C,Bachelor's Degree,Standard,Completed,66,68,95
Male,Group B,High School,Free/Reduced,None,71,90,66
Female,Group C,Bachelor's Degree,Standard,None,60,91,61
Female,Group C,High School,Free/Reduced,None,61,74,64
Male,Group B,Associate's Degree,Free/Reduced,None,77,97,83
Female,Group A,Bachelor's Degree,Standard,Completed,76,70,71
Female,Group B,Some College,Standard,Completed,81,62,89
Female,Group C,Master's Degree,Standard,None,75,76,87
Male,Group A,Some College,Free/Reduced,None,67,83,82
Female,Group B,Bachelor's Degree,Standard,Completed,97,67,100
Male,Group C,Associate's Degree,Standard,None,60,91,81
Female,Group E,Associate's Degree,Free/Reduced,Completed,68,80,88
Male,Group D,High School,Standard,Completed,94,88,94
Male,Group D,Master's Degree,Free/Reduced,Completed,66,90,70
Male,Group E,Some College,Free/Reduced,Completed,71,95,74
Female,Group A,Some College,Standard,None,95,71,64
Female,Group D,Master's Degree,Free/Reduced,Completed,91,84,65
Female,Group E,High School,Standard,Completed,71,90,84
Male,Group B,Bachelor's Degree,Free/Reduced,None,91,73,81
Female,Group C,Bachelor's Degree,Free/Reduced,Completed,63,83,91
Female,Group C,Master's Degree,Free/Reduced,Completed,84,82,84
Female,Group E,Master's Degree,Free/Reduced,None,88,70,72
Female,Group A,High School,Free/Reduced,Completed,98,66,69
Male,Group B,High School,Free/Reduced,Completed,64,72,94
Female,Group C,Master's Degree,Standard,None,78,79,63
Male,Group E,Some College,Standard,Completed,88,84,61
Female,Group C,Associate's Degree,Standard,Completed,66,96,62
Male,Group E,Some College,Free/Reduced,None,99,86,87
Male,Group A,High School,Free/Reduced,None,75,72,96
Female,Group A,Associate's Degree,Standard,None,63,94,87
Male,Group C,Associate's Degree,Standard,Completed,97,83,75
Female,Group A,Some College,Free/Reduced,Completed,83,,66
Male,Group A,Master's Degree,Standard,Completed,87,65,98
Male,Group D,Bachelor's Degree,Standard,None,91,100,73
Female,Group E,High School,Standard,Completed,70,100,90
Male,Group E,Bachelor's Degree,Free/Reduced,None,99,63,
Male,Group A,Bachelor's Degree,Standard,Completed,99,62,69
Female,Group D,Some College,Standard,None,63,,61
Female,Group D,Bachelor's Degree,Standard,None,72,72,64
Male,Group D,High School,Standard,Completed,72,84,60
Female,Group B,High School,Standard,None,80,65,60
Male,Group E,Master's Degree,Free/Reduced,None,62,76,85
Male,Group D,High School,Standard,None,72,89,96
Female,Group E,Master's Degree,Standard,None,61,71,72
Male,Group D,Some College,Standard,Completed,79,88,78
Female,Group C,High School,Free/Reduced,None,68,89,75
Male,Group C,High School,Free/Reduced,Completed,74,85,95
Male,Group D,Master's Degree,Free/Reduced,None,,64,
Female,Group A,Some College,Free/Reduced,None,64,67,68
Female,Group A,Master's Degree,Standard,None,100,68,95
Female,Group A,Some College,Standard,Completed,97,97,76
Male,Group E,High School,Standard,None,69,76,97
Female,Group A,High School,Standard,Completed,97,77,66
Male,Group E,Master's Degree,Free/Reduced,Completed,68,64,67
Female,Group C,Associate's Degree,Free/Reduced,None,84,67,98
Male,Group C,Associate's Degree,Standard,Completed,100,85,60
Female,Group B,Associate's Degree,Standard,Completed,90,62,89
Male,Group A,Associate's Degree,Standard,None,99,62,75
Male,Group D,Associate's Degree,Standard,Completed,95,99,90
Male,Group D,Some College,Standard,None,68,96,92
Male,Group D,High School,Free/Reduced,Completed,85,,
Female,Group B,Bachelor's Degree,Free/Reduced,None,77,79,88
Female,Group B,Master's Degree,Free/Reduced,None,79,99,97
Male,Group C,Some College,Standard,Completed,74,84,79
Male,Group B,Associate's Degree,Free/Reduced,Completed,79,72,69
Female,Group B,Some College,Free/Reduced,None,74,97,69
Female,Group C,High School,Standard,Completed,63,70,87
Female,Group E,Associate's Degree,Standard,None,94,70,80
Male,Group A,Some College,Free/Reduced,Completed,96,69,98
Male,Group E,Associate's Degree,Standard,Completed,,75,100
Male,Group E,Associate's Degree,Free/Reduced,None,79,71,74
Male,Group C,Associate's Degree,Standard,Completed,83,98,93
Male,Group C,Master's Degree,Free/Reduced,Completed,79,100,68
Male,Group E,Master's Degree,Free/Reduced,None,68,100,69
Male,Group C,Associate's Degree,Standard,None,76,67,62
Female,Group E,Associate's Degree,Free/Reduced,None,82,69,79
Male,Group C,Bachelor's Degree,Free/Reduced,None,89,71,64
Female,Group C,High School,Free/Reduced,None,67,97,65
Male,Group C,Associate's Degree,Standard,None,86,70,66
Female,Group E,Bachelor's Degree,Free/Reduced,Completed,82,86,79
Male,Group E,Master's Degree,Standard,Completed,84,98,88
Female,Group C,Some College,Free/Reduced,Completed,88,76,91
Female,Group B,Associate's Degree,Free/Reduced,None,87,77,68
Male,Group B,Some College,Free/Reduced,Completed,81,67,73
Female,Group C,High School,Standard,None,,87,68
Female,Group C,Associate's Degree,Free/Reduced,Completed,99,74,90
Female,Group A,Associate's Degree,Free/Reduced,None,82,79,75
Male,Group B,Bachelor's Degree,Standard,None,90,98,93
Female,Group C,Associate's Degree,Free/Reduced,None,90,80,99
Female,Group C,High School,Free/Reduced,Completed,73,63,68
Female,Group D,Bachelor's Degree,Free/Reduced,None,97,70,99
Male,Group C,Master's Degree,Free/Reduced,Completed,63,77,69
Male,Group C,Some College,Standard,None,95,72,95
Female,Group B,Master's Degree,Standard,None,82,,67
Female,Group E,Master's Degree,Free/Reduced,None,93,66,88
Male,Group D,Master's Degree,Standard,None,70,86,92
Male,Group A,Some College,Free/Reduced,None,74,64,67
Female,Group B,Bachelor's Degree,Standard,Completed,69,83,88
Female,Group A,Some College,Free/Reduced,None,82,81,86
Male,Group A,Associate's Degree,Free/Reduced,None,81,61,88
Male,Group C,Master's Degree,Free/Reduced,Completed,78,87,70
Female,Group B,Master's Degree,Standard,Completed,83,60,88
Female,Group E,High School,Free/Reduced,Completed,,94,65
Female,Group E,Associate's Degree,Standard,None,100,77,74
Male,Group D,Master's Degree,Standard,None,62,74,92
Male,Group D,Bachelor's Degree,Free/Reduced,Completed,84,67,79
Male,Group A,Master's Degree,Standard,Completed,98,97,73
Female,Group B,Bachelor's Degree,Standard,Completed,90,97,70
Male,Group B,Some College,Free/Reduced,Completed,85,64,62
Female,Group D,Associate's Degree,Free/Reduced,None,70,77,89
Female,Group C,Master's Degree,Free/Reduced,None,67,66,68
Female,Group D,Bachelor's Degree,Free/Reduced,Completed,75,93,82
Male,Group C,Master's Degree,Standard,Completed,86,,90
Female,Group C,Master's Degree,Standard,None,69,75,74
Male,Group E,Some College,Free/Reduced,Completed,76,72,94
Male,Group E,Some College,Standard,Completed,60,71,61
Male,Group B,High School,Standard,Completed,77,91,92
Female,Group D,Bachelor's Degree,Standard,Completed,74,83,76
Male,Group B,Master's Degree,Free/Reduced,Completed,74,78,99
Female,Group C,High School,Standard,Completed,71,95,82
Female,Group D,High School,Free/Reduced,Completed,98,67,79
Female,Group B,High School,Standard,Completed,75,72,67
Male,Group E,Associate's Degree,Free/Reduced,None,78,64,74
Female,Group C,Bachelor's Degree,Standard,None,67,69,61
Male,Group E,Bachelor's Degree,Free/Reduced,None,67,67,65
Male,Group A,Some College,Standard,None,63,72,68
Male,Group B,Master's Degree,Standard,Completed,94,86,92
Female,Group E,Bachelor's Degree,Free/Reduced,None,,82,75
Female,Group E,High School,Free/Reduced,None,63,86,71
Female,Group E,Associate's Degree,Standard,Completed,99,77,86
Female,Group A,Associate's Degree,Free/Reduced,Completed,68,79,86
Male,Group A,Master's Degree,Standard,None,71,96,86
Female,Group C,Some College,Standard,Completed,94,100,60
Male,Group C,High School,Standard,Completed,65,68,68
Male,Group B,Master's Degree,Free/Reduced,None,99,99,77
Male,Group C,Associate's Degree,Free/Reduced,Completed,70,98,87
Female,Group B,Some College,Standard,None,87,85,100
Female,Group E,Some College,Free/Reduced,Completed,67,73,72
Male,Group B,Some College,Standard,None,84,60,62
Male,Group E,Bachelor's Degree,Standard,None,62,84,86
Male,Group E,Bachelor's Degree,Standard,None,77,65,78
Female,Group C,Associate's Degree,Standard,None,97,92,61
Male,Group D,Bachelor's Degree,Standard,None,97,82,84
Female,Group B,Some College,Standard,Completed,76,84,74
Female,Group E,Associate's Degree,Standard,Completed,61,95,92
Male,Group B,Bachelor's Degree,Standard,Completed,78,61,70
Male,Group D,Some College,Free/Reduced,Completed,64,73,72
Female,Group B,Master's Degree,Free/Reduced,None,65,80,70
Male,Group D,Associate's Degree,Free/Reduced,Completed,70,,86
Male,Group B,Bachelor's Degree,Free/Reduced,Completed,84,67,65
Male,Group A,Bachelor's Degree,Free/Reduced,None,88,85,74
Female,Group B,Some College,Standard,None,98,94,100
Female,Group A,High School,Free/Reduced,None,75,94,70
Male,Group D,Master's Degree,Free/Reduced,Completed,63,99,78
Female,Group B,Some College,Standard,None,76,71,74
Female,Group A,Master's Degree,Free/Reduced,None,61,71,97
Male,Group C,Some College,Free/Reduced,None,91,62,87
Female,Group A,Bachelor's Degree,Free/Reduced,None,68,89,95
Male,Group A,High School,Standard,Completed,99,90,65
Male,Group E,Bachelor's Degree,Free/Reduced,Completed,85,85,63
Female,Group C,High School,Free/Reduced,None,61,,85
Female,Group A,Associate's Degree,Standard,Completed,78,87,99
Female,Group C,Bachelor's Degree,Free/Reduced,None,98,83,98
Female,Group B,Some College,Free/Reduced,None,87,62,73
Female,Group E,Associate's Degree,Free/Reduced,Completed,65,80,87
Female,Group C,Some College,Standard,Completed,92,64,91
Male,Group D,High School,Free/Reduced,Completed,60,69,
Male,Group A,High School,Standard,Completed,62,69,90
Male,Group A,Master's Degree,Free/Reduced,None,99,65,95
Male,Group E,Bachelor's Degree,Standard,Completed,79,99,71
Female,Group D,Bachelor's Degree,Standard,None,90,68,73
Male,Group C,Bachelor's Degree,Standard,None,97,74,96
Male,Group D,Some College,Standard,None,80,64,94
Female,Group D,Bachelor's Degree,Free/Reduced,None,79,81,99
Female,Group E,Some College,Standard,Completed,78,70,92
Male,Group C,Master's Degree,Free/Reduced,Completed,76,,71
Female,Group B,Bachelor's Degree,Standard,Completed,80,81,60
Female,Group B,Some College,Free/Reduced,None,80,89,84
Female,Group B,Bachelor's Degree,Standard,None,60,66,68
Female,Group E,High School,Standard,None,61,95,94
Male,Group C,High School,Standard,None,96,87,73
Male,Group E,Master's Degree,Free/Reduced,Completed,98,98,85
Male,Group E,High School,Standard,Completed,97,87,97
Male,Group E,High School,Free/Reduced,None,80,,60
Female,Group C,Master's Degree,Free/Reduced,None,92,85,
Female,Group E,Associate's Degree,Standard,Completed,89,74,65
Male,Group B,Bachelor's Degree,Standard,Completed,60,73,89
Male,Group A,Bachelor's Degree,Standard,None,98,88,84
Female,Group A,Associate's Degree,Standard,Completed,95,81,93
Male,Group D,Associate's Degree,Free/Reduced,Completed,72,63,65
Female,Group C,Master's Degree,Free/Reduced,None,67,91,75
Female,Group E,Associate's Degree,Standard,None,81,93,66
Female,Group A,Master's Degree,Free/Reduced,None,81,79,61
Female,Group C,Bachelor's Degree,Standard,None,84,99,67
Male,Group A,High School,Standard,Completed,90,92,71
Female,Group A,High School,Free/Reduced,None,61,90,63
Female,Group B,High School,Free/Reduced,Completed,67,65,63
Female,Group A,High School,Free/Reduced,Completed,83,82,90
Male,Group D,Bachelor's Degree,Standard,Completed,75,64,62
Female,Group B,Master's Degree,Standard,Completed,73,94,72
Female,Group E,Master's Degree,Standard,None,92,61,91
Female,Group E,Associate's Degree,Free/Reduced,None,78,72,88
Female,Group E,Master's Degree,Free/Reduced,None,85,71,94
Female,Group B,Bachelor's Degree,Standard,Completed,96,88,69
Male,Group B,Some College,Free/Reduced,None,84,97,67
Male,Group E,Bachelor's Degree,Free/Reduced,Completed,,88,80
Male,Group C,Master's Degree,Standard,None,65,68,65
Female,Group B,Bachelor's Degree,Standard,None,72,75,68
Female,Group D,High School,Standard,Completed,97,75,81
Male,Group C,Some College,Free/Reduced,None,89,88,67
Male,Group E,High School,Standard,None,83,92,86
Female,Group D,Master's Degree,Standard,Completed,99,82,62
Male,Group A,High School,Standard,Completed,77,67,92
Female,Group C,Associate's Degree,Standard,None,88,69,72
Male,Group C,Some College,Free/Reduced,Completed,98,61,98
Female,Group E,Associate's Degree,Free/Reduced,None,71,92,
Male,Group B,Associate's Degree,Standard,None,95,66,85
Female,Group B,Master's Degree,Free/Reduced,Completed,99,72,76
Male,Group D,Master's Degree,Free/Reduced,None,,89,76
Male,Group C,Bachelor's Degree,Free/Reduced,Completed,60,100,81
Female,Group D,High School,Standard,Completed,69,70,62
Male,Group B,Associate's Degree,Standard,None,72,73,77
Female,Group B,Bachelor's Degree,Standard,Completed,73,88,97
Male,Group D,Some College,Free/Reduced,None,65,65,62
Male,Group B,Master's Degree,Standard,Completed,98,73,97
Male,Group C,Some College,Standard,None,80,76,66
Male,Group C,Master's Degree,Standard,Completed,96,97,76
Female,Group E,Bachelor's Degree,Standard,None,87,96,87
Female,Group E,Master's Degree,Free/Reduced,Completed,92,88,84
Male,Group B,Associate's Degree,Standard,Completed,68,64,68
Female,Group A,Bachelor's Degree,Free/Reduced,Completed,66,89,93
Female,Group D,Some College,Standard,Completed,86,76,71
Female,Group E,Associate's Degree,Standard,Completed,70,97,62
Male,Group C,High School,Standard,Completed,98,89,66
Female,Group C,Master's Degree,Free/Reduced,Completed,71,96,65
Female,Group C,Associate's Degree,Standard,Completed,90,74,85
Female,Group A,Some College,Standard,Completed,77,68,79
Male,Group B,Some College,Standard,None,60,63,97
Male,Group A,Bachelor's Degree,Standard,None,64,81,80
Male,Group D,High School,Standard,None,90,60,100
Male,Group D,Associate's Degree,Standard,Completed,93,92,95
Male,Group B,Associate's Degree,Free/Reduced,None,68,77,100
Male,Group D,High School,Standard,Completed,83,68,65
Female,Group E,Some College,Free/Reduced,Completed,68,62,85
Female,Group C,High School,Free/Reduced,Completed,68,63,88
Male,Group D,High School,Free/Reduced,Completed,78,100,96
Female,Group C,Master's Degree,Free/Reduced,None,90,68,60
Female,Group A,Master's Degree,Free/Reduced,None,67,70,79
Female,Group D,Associate's Degree,Free/Reduced,None,66,86,72
Female,Group D,Some College,Standard,Completed,70,84,87
Female,Group D,High School,Standard,None,87,,91
Female,Group C,High School,Standard,None,73,70,91
Male,Group E,Some College,Standard,Completed,70,89,90
Female,Group B,High School,Free/Reduced,None,67,84,84
Male,Group E,Associate's Degree,Standard,Completed,88,64,84
Female,Group C,High School,Standard,Completed,99,80,79
Male,Group E,Some College,Free/Reduced,None,94,98,73
Female,Group C,Associate's Degree,Standard,None,67,76,73
Female,Group E,Some College,Free/Reduced,Completed,98,97,85
Male,Group D,Associate's Degree,Standard,Completed,94,91,83
Male,Group E,High School,Standard,Completed,67,78,98
Female,Group E,Associate's Degree,Standard,None,99,97,63
Male,Group E,Bachelor's Degree,Standard,Completed,60,,
Female,Group E,Associate's Degree,Standard,None,65,71,80
